{
  "x_mean": -8.413609504699707,
  "x_std": 16.424238204956055,
  "y_mean": -0.2351917177438736,
  "y_std": 9.430906295776367
}